{
    "features": [
        "KEANG",
        "KEKOM",
        "KEKOS",
        "KELAM",
        "KEPUR",
        "KERET",
        "KETAN",
        "KETUP"
    ],
    "medians": {
        "KEANG": 90.0,
        "KEKOM": 90.0,
        "KEKOS": 90.0,
        "KELAM": 90.0,
        "KEPUR": 90.0,
        "KERET": 90.0,
        "KETAN": 90.0,
        "KETUP": 90.0
    },
    "stds": {
        "KEANG": 20.426698215815495,
        "KEKOM": 19.078784028338912,
        "KEKOS": 19.525624189766635,
        "KELAM": 29.991665508937643,
        "KEPUR": 28.77933286231632,
        "KERET": 18.193405398660254,
        "KETAN": 28.42582941231052,
        "KETUP": 30.530494773441045
    },
    "trained_at": "2026-06-12T20:43:47.061165",
    "num_samples": 9,
    "num_features": 8
}