{
    "features": [
        "KEDAI",
        "KELCH",
        "KERUS",
        "KESEL",
        "KESEN",
        "KESUA"
    ],
    "medians": {
        "KEDAI": 90.0,
        "KELCH": 85.545,
        "KERUS": 86.72,
        "KESEL": 87.05,
        "KESEN": 86.66,
        "KESUA": 85.72999999999999
    },
    "stds": {
        "KEDAI": 17.232134485950304,
        "KELCH": 18.746771491161592,
        "KERUS": 10.36108278134091,
        "KESEL": 17.36167712922534,
        "KESEN": 16.515783745515307,
        "KESUA": 12.973934673010737
    },
    "trained_at": "2026-06-12T20:43:10.382358",
    "num_samples": 122,
    "num_features": 6
}