{
    "features": [
        "KOBEL",
        "KOBNC",
        "KODAY",
        "KODES",
        "KOFAS",
        "KOKON",
        "KOLOC",
        "KONSI",
        "KOPEM",
        "KOPEN",
        "KOPOL",
        "KORUS",
        "KOTAN",
        "KOWAR",
        "PEBEL",
        "PEENE",
        "PEGER",
        "PEHAN",
        "PEPEM",
        "PEPES",
        "PETAS",
        "PETUP"
    ],
    "medians": {
        "KOBEL": 84.54,
        "KOBNC": 85.28,
        "KODAY": 85.52,
        "KODES": 83.95,
        "KOFAS": 84.78,
        "KOKON": 85.8,
        "KOLOC": 84.98,
        "KONSI": 81.73,
        "KOPEM": 85.82,
        "KOPEN": 85.22,
        "KOPOL": 85.98,
        "KORUS": 85.69,
        "KOTAN": 85.68,
        "KOWAR": 85.69,
        "PEBEL": 86.71,
        "PEENE": 85.05,
        "PEGER": 86.59,
        "PEHAN": 85.15,
        "PEPEM": 86.33,
        "PEPES": 86.1,
        "PETAS": 85.14,
        "PETUP": 85.88
    },
    "stds": {
        "KOBEL": 19.26667242853173,
        "KOBNC": 18.105542813727244,
        "KODAY": 12.840839794222964,
        "KODES": 19.073200340079655,
        "KOFAS": 15.258354684853384,
        "KOKON": 16.066687572426428,
        "KOLOC": 17.371893702650006,
        "KONSI": 17.418048480252082,
        "KOPEM": 18.611955136949803,
        "KOPEN": 13.052824505906699,
        "KOPOL": 18.631533577452764,
        "KORUS": 13.200124809871538,
        "KOTAN": 19.795202539631905,
        "KOWAR": 20.35242313035202,
        "PEBEL": 13.303990297988427,
        "PEENE": 16.233786876570985,
        "PEGER": 15.31243332275836,
        "PEHAN": 16.5242426465467,
        "PEPEM": 16.86061424694054,
        "PEPES": 16.94441191285386,
        "PETAS": 14.87789999832068,
        "PETUP": 13.35297458440314
    },
    "trained_at": "2026-06-12T20:43:33.166689",
    "num_samples": 115,
    "num_features": 22
}